{"db":[{"meta":{"exported_on":1495483386535,"version":"009"},"data":{"app_fields":[],"app_settings":[],"apps":[],"permissions":[{"id":1,"uuid":"db0eec7c-9805-4311-9480-d0ba7c7df62f","name":"Export database","object_type":"db","action_type":"exportContent","object_id":null,"created_at":"2017-04-20T00:21:59.000Z","created_by":1,"updated_at":"2017-04-20T00:21:59.000Z","updated_by":1},{"id":2,"uuid":"101b1a73-a6e8-4006-b03e-6c194205cc49","name":"Import database","object_type":"db","action_type":"importContent","object_id":null,"created_at":"2017-04-20T00:22:00.000Z","created_by":1,"updated_at":"2017-04-20T00:22:00.000Z","updated_by":1},{"id":3,"uuid":"9f79636e-54c7-46bb-8d47-37b04f3a048c","name":"Delete all content","object_type":"db","action_type":"deleteAllContent","object_id":null,"created_at":"2017-04-20T00:22:00.000Z","created_by":1,"updated_at":"2017-04-20T00:22:00.000Z","updated_by":1},{"id":4,"uuid":"ae25742c-a12e-48ec-840a-d9950f80846d","name":"Send mail","object_type":"mail","action_type":"send","object_id":null,"created_at":"2017-04-20T00:22:00.000Z","created_by":1,"updated_at":"2017-04-20T00:22:00.000Z","updated_by":1},{"id":5,"uuid":"1767f60f-0506-49f7-b894-ca2800e013dd","name":"Browse notifications","object_type":"notification","action_type":"browse","object_id":null,"created_at":"2017-04-20T00:22:00.000Z","created_by":1,"updated_at":"2017-04-20T00:22:00.000Z","updated_by":1},{"id":6,"uuid":"f0997bad-c15e-4564-b244-2453030b598c","name":"Add notifications","object_type":"notification","action_type":"add","object_id":null,"created_at":"2017-04-20T00:22:00.000Z","created_by":1,"updated_at":"2017-04-20T00:22:00.000Z","updated_by":1},{"id":7,"uuid":"1fd22d73-d077-40e3-ba87-97985ace41da","name":"Delete notifications","object_type":"notification","action_type":"destroy","object_id":null,"created_at":"2017-04-20T00:22:00.000Z","created_by":1,"updated_at":"2017-04-20T00:22:00.000Z","updated_by":1},{"id":8,"uuid":"09f82fb8-042a-4784-ae8c-a7a642fa6c39","name":"Browse posts","object_type":"post","action_type":"browse","object_id":null,"created_at":"2017-04-20T00:22:00.000Z","created_by":1,"updated_at":"2017-04-20T00:22:00.000Z","updated_by":1},{"id":9,"uuid":"78f3d1fb-0462-4726-934f-d737c492a6e0","name":"Read posts","object_type":"post","action_type":"read","object_id":null,"created_at":"2017-04-20T00:22:00.000Z","created_by":1,"updated_at":"2017-04-20T00:22:00.000Z","updated_by":1},{"id":10,"uuid":"d96f70b0-d8b1-49a6-bd5f-bcc62dbc62ac","name":"Edit posts","object_type":"post","action_type":"edit","object_id":null,"created_at":"2017-04-20T00:22:00.000Z","created_by":1,"updated_at":"2017-04-20T00:22:00.000Z","updated_by":1},{"id":11,"uuid":"4a51f05d-d317-4e3b-93f7-3e9642644c57","name":"Add posts","object_type":"post","action_type":"add","object_id":null,"created_at":"2017-04-20T00:22:00.000Z","created_by":1,"updated_at":"2017-04-20T00:22:00.000Z","updated_by":1},{"id":12,"uuid":"1d21ea52-5bc6-4705-8cfb-e87c00a3483c","name":"Delete posts","object_type":"post","action_type":"destroy","object_id":null,"created_at":"2017-04-20T00:22:00.000Z","created_by":1,"updated_at":"2017-04-20T00:22:00.000Z","updated_by":1},{"id":13,"uuid":"7801dceb-74db-430e-87d2-d4381f3577f8","name":"Browse settings","object_type":"setting","action_type":"browse","object_id":null,"created_at":"2017-04-20T00:22:00.000Z","created_by":1,"updated_at":"2017-04-20T00:22:00.000Z","updated_by":1},{"id":14,"uuid":"b0b55013-20eb-471b-a155-4935197bd0e4","name":"Read settings","object_type":"setting","action_type":"read","object_id":null,"created_at":"2017-04-20T00:22:00.000Z","created_by":1,"updated_at":"2017-04-20T00:22:00.000Z","updated_by":1},{"id":15,"uuid":"802801bc-145f-4aa0-9221-18d29d383750","name":"Edit settings","object_type":"setting","action_type":"edit","object_id":null,"created_at":"2017-04-20T00:22:00.000Z","created_by":1,"updated_at":"2017-04-20T00:22:00.000Z","updated_by":1},{"id":16,"uuid":"7055e510-84e1-4fb3-9419-58c9f17bacf3","name":"Generate slugs","object_type":"slug","action_type":"generate","object_id":null,"created_at":"2017-04-20T00:22:00.000Z","created_by":1,"updated_at":"2017-04-20T00:22:00.000Z","updated_by":1},{"id":17,"uuid":"7bbd9443-3574-4ec6-97e7-e290a0aeac0b","name":"Browse tags","object_type":"tag","action_type":"browse","object_id":null,"created_at":"2017-04-20T00:22:00.000Z","created_by":1,"updated_at":"2017-04-20T00:22:00.000Z","updated_by":1},{"id":18,"uuid":"9623cb5d-ed56-4fc7-987b-00866b6bf668","name":"Read tags","object_type":"tag","action_type":"read","object_id":null,"created_at":"2017-04-20T00:22:00.000Z","created_by":1,"updated_at":"2017-04-20T00:22:00.000Z","updated_by":1},{"id":19,"uuid":"4cc6f3cc-67f3-49cc-948a-507d80a2fbea","name":"Edit tags","object_type":"tag","action_type":"edit","object_id":null,"created_at":"2017-04-20T00:22:00.000Z","created_by":1,"updated_at":"2017-04-20T00:22:00.000Z","updated_by":1},{"id":20,"uuid":"9dbbd39f-4628-4cce-a3dd-b1cd773da14a","name":"Add tags","object_type":"tag","action_type":"add","object_id":null,"created_at":"2017-04-20T00:22:00.000Z","created_by":1,"updated_at":"2017-04-20T00:22:00.000Z","updated_by":1},{"id":21,"uuid":"6c6490d0-2646-4715-b2f2-5396c7c98c3c","name":"Delete tags","object_type":"tag","action_type":"destroy","object_id":null,"created_at":"2017-04-20T00:22:00.000Z","created_by":1,"updated_at":"2017-04-20T00:22:00.000Z","updated_by":1},{"id":22,"uuid":"e858f97f-866d-47c0-9578-3a5871a01531","name":"Browse themes","object_type":"theme","action_type":"browse","object_id":null,"created_at":"2017-04-20T00:22:01.000Z","created_by":1,"updated_at":"2017-04-20T00:22:01.000Z","updated_by":1},{"id":23,"uuid":"8bb5551d-7953-4496-a2d5-7f526f4bb6ac","name":"Edit themes","object_type":"theme","action_type":"edit","object_id":null,"created_at":"2017-04-20T00:22:01.000Z","created_by":1,"updated_at":"2017-04-20T00:22:01.000Z","updated_by":1},{"id":24,"uuid":"30fdf340-80e6-40f9-be47-0d9f24e5c6ad","name":"Upload themes","object_type":"theme","action_type":"add","object_id":null,"created_at":"2017-04-20T00:22:01.000Z","created_by":1,"updated_at":"2017-04-20T00:22:01.000Z","updated_by":1},{"id":25,"uuid":"677fd04d-3262-4ed0-92f2-7b6d6900f797","name":"Download themes","object_type":"theme","action_type":"read","object_id":null,"created_at":"2017-04-20T00:22:01.000Z","created_by":1,"updated_at":"2017-04-20T00:22:01.000Z","updated_by":1},{"id":26,"uuid":"59d5c707-f1b2-489f-aa55-84c2422dc962","name":"Delete themes","object_type":"theme","action_type":"destroy","object_id":null,"created_at":"2017-04-20T00:22:01.000Z","created_by":1,"updated_at":"2017-04-20T00:22:01.000Z","updated_by":1},{"id":27,"uuid":"6787d9a1-fcb4-436b-9195-be9ab1c487bf","name":"Browse users","object_type":"user","action_type":"browse","object_id":null,"created_at":"2017-04-20T00:22:01.000Z","created_by":1,"updated_at":"2017-04-20T00:22:01.000Z","updated_by":1},{"id":28,"uuid":"c9c47d82-af19-4a52-a849-ff6ec3470716","name":"Read users","object_type":"user","action_type":"read","object_id":null,"created_at":"2017-04-20T00:22:01.000Z","created_by":1,"updated_at":"2017-04-20T00:22:01.000Z","updated_by":1},{"id":29,"uuid":"2ff10614-c0fb-42d7-90dd-8d28a304a289","name":"Edit users","object_type":"user","action_type":"edit","object_id":null,"created_at":"2017-04-20T00:22:01.000Z","created_by":1,"updated_at":"2017-04-20T00:22:01.000Z","updated_by":1},{"id":30,"uuid":"fcdb4a83-7b5a-48f8-af6c-0e14d6b73fb0","name":"Add users","object_type":"user","action_type":"add","object_id":null,"created_at":"2017-04-20T00:22:01.000Z","created_by":1,"updated_at":"2017-04-20T00:22:01.000Z","updated_by":1},{"id":31,"uuid":"c43389b3-e82e-4626-a200-4943e00e11a6","name":"Delete users","object_type":"user","action_type":"destroy","object_id":null,"created_at":"2017-04-20T00:22:01.000Z","created_by":1,"updated_at":"2017-04-20T00:22:01.000Z","updated_by":1},{"id":32,"uuid":"ca027f11-25ea-4089-b950-f2674da067dc","name":"Assign a role","object_type":"role","action_type":"assign","object_id":null,"created_at":"2017-04-20T00:22:01.000Z","created_by":1,"updated_at":"2017-04-20T00:22:01.000Z","updated_by":1},{"id":33,"uuid":"27ba9430-3678-4116-80d1-4f74fd37353e","name":"Browse roles","object_type":"role","action_type":"browse","object_id":null,"created_at":"2017-04-20T00:22:01.000Z","created_by":1,"updated_at":"2017-04-20T00:22:01.000Z","updated_by":1},{"id":34,"uuid":"09523449-83dd-4a1e-b8b0-cc4392441214","name":"Browse clients","object_type":"client","action_type":"browse","object_id":null,"created_at":"2017-04-20T00:22:01.000Z","created_by":1,"updated_at":"2017-04-20T00:22:01.000Z","updated_by":1},{"id":35,"uuid":"8c8edf43-34db-42ce-9a33-e96191fbd6e5","name":"Read clients","object_type":"client","action_type":"read","object_id":null,"created_at":"2017-04-20T00:22:01.000Z","created_by":1,"updated_at":"2017-04-20T00:22:01.000Z","updated_by":1},{"id":36,"uuid":"6cc6ca4a-c872-4f12-b8cc-49fc31cb1fa1","name":"Edit clients","object_type":"client","action_type":"edit","object_id":null,"created_at":"2017-04-20T00:22:01.000Z","created_by":1,"updated_at":"2017-04-20T00:22:01.000Z","updated_by":1},{"id":37,"uuid":"75e1e5bd-1593-4047-881c-492c15a3baaf","name":"Add clients","object_type":"client","action_type":"add","object_id":null,"created_at":"2017-04-20T00:22:01.000Z","created_by":1,"updated_at":"2017-04-20T00:22:01.000Z","updated_by":1},{"id":38,"uuid":"89966f26-d247-4e06-8dbd-4499064db56c","name":"Delete clients","object_type":"client","action_type":"destroy","object_id":null,"created_at":"2017-04-20T00:22:01.000Z","created_by":1,"updated_at":"2017-04-20T00:22:01.000Z","updated_by":1},{"id":39,"uuid":"e42fcb2e-2f53-49af-be17-88f6a45816da","name":"Browse subscribers","object_type":"subscriber","action_type":"browse","object_id":null,"created_at":"2017-04-20T00:22:01.000Z","created_by":1,"updated_at":"2017-04-20T00:22:01.000Z","updated_by":1},{"id":40,"uuid":"85781dbc-7f00-4c8a-ae26-30d3772309d4","name":"Read subscribers","object_type":"subscriber","action_type":"read","object_id":null,"created_at":"2017-04-20T00:22:02.000Z","created_by":1,"updated_at":"2017-04-20T00:22:02.000Z","updated_by":1},{"id":41,"uuid":"82fab909-e779-415f-98b1-15c2f1a6b137","name":"Edit subscribers","object_type":"subscriber","action_type":"edit","object_id":null,"created_at":"2017-04-20T00:22:02.000Z","created_by":1,"updated_at":"2017-04-20T00:22:02.000Z","updated_by":1},{"id":42,"uuid":"b00e2f55-126a-4c0a-8f69-f77975bad24d","name":"Add subscribers","object_type":"subscriber","action_type":"add","object_id":null,"created_at":"2017-04-20T00:22:02.000Z","created_by":1,"updated_at":"2017-04-20T00:22:02.000Z","updated_by":1},{"id":43,"uuid":"9010af79-c884-4af7-bd4f-4a185343f449","name":"Delete subscribers","object_type":"subscriber","action_type":"destroy","object_id":null,"created_at":"2017-04-20T00:22:02.000Z","created_by":1,"updated_at":"2017-04-20T00:22:02.000Z","updated_by":1}],"permissions_apps":[],"permissions_roles":[{"id":1,"role_id":1,"permission_id":1},{"id":2,"role_id":1,"permission_id":2},{"id":3,"role_id":1,"permission_id":3},{"id":4,"role_id":1,"permission_id":4},{"id":5,"role_id":1,"permission_id":5},{"id":6,"role_id":1,"permission_id":6},{"id":7,"role_id":1,"permission_id":7},{"id":8,"role_id":1,"permission_id":8},{"id":9,"role_id":1,"permission_id":9},{"id":10,"role_id":1,"permission_id":10},{"id":11,"role_id":1,"permission_id":11},{"id":12,"role_id":1,"permission_id":12},{"id":13,"role_id":1,"permission_id":13},{"id":14,"role_id":1,"permission_id":14},{"id":15,"role_id":1,"permission_id":15},{"id":16,"role_id":1,"permission_id":16},{"id":17,"role_id":1,"permission_id":17},{"id":18,"role_id":1,"permission_id":18},{"id":19,"role_id":1,"permission_id":19},{"id":20,"role_id":1,"permission_id":20},{"id":21,"role_id":1,"permission_id":21},{"id":22,"role_id":1,"permission_id":22},{"id":23,"role_id":1,"permission_id":23},{"id":24,"role_id":1,"permission_id":24},{"id":25,"role_id":1,"permission_id":25},{"id":26,"role_id":1,"permission_id":26},{"id":27,"role_id":1,"permission_id":27},{"id":28,"role_id":1,"permission_id":28},{"id":29,"role_id":1,"permission_id":29},{"id":30,"role_id":1,"permission_id":30},{"id":31,"role_id":1,"permission_id":31},{"id":32,"role_id":1,"permission_id":32},{"id":33,"role_id":1,"permission_id":33},{"id":34,"role_id":1,"permission_id":34},{"id":35,"role_id":1,"permission_id":35},{"id":36,"role_id":1,"permission_id":36},{"id":37,"role_id":1,"permission_id":37},{"id":38,"role_id":1,"permission_id":38},{"id":39,"role_id":1,"permission_id":39},{"id":40,"role_id":1,"permission_id":40},{"id":41,"role_id":1,"permission_id":41},{"id":42,"role_id":1,"permission_id":42},{"id":43,"role_id":1,"permission_id":43},{"id":44,"role_id":2,"permission_id":8},{"id":45,"role_id":2,"permission_id":9},{"id":46,"role_id":2,"permission_id":10},{"id":47,"role_id":2,"permission_id":11},{"id":48,"role_id":2,"permission_id":12},{"id":49,"role_id":2,"permission_id":13},{"id":50,"role_id":2,"permission_id":14},{"id":51,"role_id":2,"permission_id":16},{"id":52,"role_id":2,"permission_id":17},{"id":53,"role_id":2,"permission_id":18},{"id":54,"role_id":2,"permission_id":19},{"id":55,"role_id":2,"permission_id":20},{"id":56,"role_id":2,"permission_id":21},{"id":57,"role_id":2,"permission_id":27},{"id":58,"role_id":2,"permission_id":28},{"id":59,"role_id":2,"permission_id":29},{"id":60,"role_id":2,"permission_id":30},{"id":61,"role_id":2,"permission_id":31},{"id":62,"role_id":2,"permission_id":32},{"id":63,"role_id":2,"permission_id":33},{"id":64,"role_id":2,"permission_id":34},{"id":65,"role_id":2,"permission_id":35},{"id":66,"role_id":2,"permission_id":36},{"id":67,"role_id":2,"permission_id":37},{"id":68,"role_id":2,"permission_id":38},{"id":69,"role_id":2,"permission_id":42},{"id":70,"role_id":3,"permission_id":8},{"id":71,"role_id":3,"permission_id":9},{"id":72,"role_id":3,"permission_id":11},{"id":73,"role_id":3,"permission_id":13},{"id":74,"role_id":3,"permission_id":14},{"id":75,"role_id":3,"permission_id":16},{"id":76,"role_id":3,"permission_id":17},{"id":77,"role_id":3,"permission_id":18},{"id":78,"role_id":3,"permission_id":20},{"id":79,"role_id":3,"permission_id":27},{"id":80,"role_id":3,"permission_id":28},{"id":81,"role_id":3,"permission_id":33},{"id":82,"role_id":3,"permission_id":34},{"id":83,"role_id":3,"permission_id":35},{"id":84,"role_id":3,"permission_id":36},{"id":85,"role_id":3,"permission_id":37},{"id":86,"role_id":3,"permission_id":38},{"id":87,"role_id":3,"permission_id":42}],"permissions_users":[],"posts":[{"id":6,"uuid":"caecd460-cc5d-4846-bafe-47f6575a9f2f","title":"Using the blog function of your website (if you want)","slug":"using-the-blog-function-of-your-website-if-you-want","markdown":"This page exist to show you different ways to style and format your content.\n\n- See how this page was generated [here](http://firepress.org/blog/under-the-hood-part-1/).\n- You can see [Part Two here](http://firepress.org/blog/styling-and-formatting-examples-part-2/).\n\n---\n\n### Format your content\n\nWhen you edit your content in your Ghost editor, you actually use the **Markdown** format standard. Think about the format of these elements:\n\n- headers\n- bold\n- bulleted\n- lists\n- links\n- inserting a picture\n- etc.\n\n**Markdown** is designed to be an easy alternative to HTML. It allows everyone to publish web pages with no HTML experience.\n\n### Bold, italic\n\nWho does not love putting **stuff in bold**... *you know what I mean*? \n\n### Links\n\nPaste in a URL, like http://firepress.org/ and it will be automatically make it clickable.\n\nYou can also customize how the text should be for any url. The FirePress home page can be found [here](http://firepress.org/).\n\n### What about Images?\n\nImages work too! Already know the URL of the image you want to include in your article? Simply paste it in like this to make it show up:\n\n![](https://raw.githubusercontent.com/firepress-org/theme-assets/master/professional-services/martine-nadal/images/martine-nadal.jpg)\n\n### List, using bullet points\n\n- Item number one\n- Item number two\n - Sub item 2A\n - Sub item 2B\n- A final item\n\n### List, using bullet points\n\n1. Remember to buy some milk\n2. Drink the milk\n - Sub item 2A\n - Sub item 2B\n3. Tweet that I remembered to buy the milk, and drank it\n\n### Quoting\n\nOur eyes can't help it, they love reading quotes!\n\n> At FirePress our mission is to help brands and entrepreneurs to build an outstanding mobile-first website.\n\n---\n\n### Need some space?\n\nThrow 3 dashes `---` on any new line and you've got yourself a fancy new divider. Aw yeah.\n\n---\n\n### Button\n\nNeed a clear **Call to Action**? The button is your friend.\n\n<a href=\"/news/\" class=\"button button-block button-primary button-rounded\">Click Me ></a><br>\n\n---\n\n### Embed a YouTube video\n\n<iframe width=\"560\" height=\"315\" src=\"https://www.youtube.com/embed/NikceQYbaBY\" frameborder=\"0\" allowfullscreen></iframe>\n\nThis simple placeholder is used for this live demo website. This showcase exists to help your mind projects how your website will look like. This give you a good idea about how your website looks like with real life content.\n\n*(Psst... Want to start a website just like this one? Request your [free 21-Day trial here](http://firepress.org/blog/sign-up-for-your-free-21-day-trial-at-firepress/))*\n\n### Don't want the blog function?\n\nIf you don't want to use the blog function of your website, **just remove the link from the navigation section**. This way your visitor will not be able to see it.\n\n## ![](https://raw.githubusercontent.com/firepress-org/theme-assets/master/professional-services/martine-nadal/images/navigation-blog-d.jpg)\n\n---\n\n<br><a href=\"http://firepress.org/blog/under-the-hood-part-1/\" class=\"button button-block button-primary button-rounded\">See how it was edited ></a><br>","mobiledoc":null,"html":"<p>This page exist to show you different ways to style and format your content.</p>\n\n<ul>\n<li>See how this page was generated <a href=\"http://firepress.org/blog/under-the-hood-part-1/\">here</a>.</li>\n<li>You can see <a href=\"http://firepress.org/blog/styling-and-formatting-examples-part-2/\">Part Two here</a>.</li>\n</ul>\n\n<hr />\n\n<h3 id=\"formatyourcontent\">Format your content</h3>\n\n<p>When you edit your content in your Ghost editor, you actually use the <strong>Markdown</strong> format standard. Think about the format of these elements:</p>\n\n<ul>\n<li>headers</li>\n<li>bold</li>\n<li>bulleted</li>\n<li>lists</li>\n<li>links</li>\n<li>inserting a picture</li>\n<li>etc.</li>\n</ul>\n\n<p><strong>Markdown</strong> is designed to be an easy alternative to HTML. It allows everyone to publish web pages with no HTML experience.</p>\n\n<h3 id=\"bolditalic\">Bold, italic</h3>\n\n<p>Who does not love putting <strong>stuff in bold</strong>... <em>you know what I mean</em>? </p>\n\n<h3 id=\"links\">Links</h3>\n\n<p>Paste in a URL, like <a href=\"http://firepress.org/\">http://firepress.org/</a> and it will be automatically make it clickable.</p>\n\n<p>You can also customize how the text should be for any url. The FirePress home page can be found <a href=\"http://firepress.org/\">here</a>.</p>\n\n<h3 id=\"whataboutimages\">What about Images?</h3>\n\n<p>Images work too! Already know the URL of the image you want to include in your article? Simply paste it in like this to make it show up:</p>\n\n<p><img src=\"https://raw.githubusercontent.com/firepress-org/theme-assets/master/professional-services/martine-nadal/images/martine-nadal.jpg\" alt=\"\" /></p>\n\n<h3 id=\"listusingbulletpoints\">List, using bullet points</h3>\n\n<ul>\n<li>Item number one</li>\n<li>Item number two\n<ul><li>Sub item 2A</li>\n<li>Sub item 2B</li></ul></li>\n<li>A final item</li>\n</ul>\n\n<h3 id=\"listusingbulletpoints\">List, using bullet points</h3>\n\n<ol>\n<li>Remember to buy some milk  </li>\n<li>Drink the milk <br />\n<ul><li>Sub item 2A</li>\n<li>Sub item 2B</li></ul></li>\n<li>Tweet that I remembered to buy the milk, and drank it</li>\n</ol>\n\n<h3 id=\"quoting\">Quoting</h3>\n\n<p>Our eyes can't help it, they love reading quotes!</p>\n\n<blockquote>\n  <p>At FirePress our mission is to help brands and entrepreneurs to build an outstanding mobile-first website.</p>\n</blockquote>\n\n<hr />\n\n<h3 id=\"needsomespace\">Need some space?</h3>\n\n<p>Throw 3 dashes <code>---</code> on any new line and you've got yourself a fancy new divider. Aw yeah.</p>\n\n<hr />\n\n<h3 id=\"button\">Button</h3>\n\n<p>Need a clear <strong>Call to Action</strong>? The button is your friend.</p>\n\n<p><a href=\"/news/\" class=\"button button-block button-primary button-rounded\">Click Me ></a><br></p>\n\n<hr />\n\n<h3 id=\"embedayoutubevideo\">Embed a YouTube video</h3>\n\n<iframe width=\"560\" height=\"315\" src=\"https://www.youtube.com/embed/NikceQYbaBY\" frameborder=\"0\" allowfullscreen></iframe>\n\n<p>This simple placeholder is used for this live demo website. This showcase exists to help your mind projects how your website will look like. This give you a good idea about how your website looks like with real life content.</p>\n\n<p><em>(Psst... Want to start a website just like this one? Request your <a href=\"http://firepress.org/blog/sign-up-for-your-free-21-day-trial-at-firepress/\">free 21-Day trial here</a>)</em></p>\n\n<h3 id=\"dontwanttheblogfunction\">Don't want the blog function?</h3>\n\n<p>If you don't want to use the blog function of your website, <strong>just remove the link from the navigation section</strong>. This way your visitor will not be able to see it.</p>\n\n<h2 id=\"httpsrawgithubusercontentcomfirepressorgthemeassetsmasterprofessionalservicesmartinenadalimagesnavigationblogdjpg\"><img src=\"https://raw.githubusercontent.com/firepress-org/theme-assets/master/professional-services/martine-nadal/images/navigation-blog-d.jpg\" alt=\"\" title=\"\" /></h2>\n\n<hr />\n\n<p><br><a href=\"http://firepress.org/blog/under-the-hood-part-1/\" class=\"button button-block button-primary button-rounded\">See how it was edited ></a><br></p>","amp":null,"image":"https://raw.githubusercontent.com/firepress-org/theme-assets/master/professional-services/martine-nadal/images/portfolio-survival-kit/survival-kit-102.jpg","featured":0,"page":0,"status":"published","language":"en_US","visibility":"public","meta_title":null,"meta_description":null,"author_id":1,"created_at":"2017-04-20T01:46:43.000Z","created_by":1,"updated_at":"2017-05-22T20:02:18.000Z","updated_by":1,"published_at":"2017-04-20T02:43:00.000Z","published_by":1},{"id":7,"uuid":"e8aa85bb-29a4-42b8-8176-18f2a8a55093","title":"About Us","slug":"about-us","markdown":"Agency BrandHere has opened its doors 10 years ago doing marketing for accounts like Toyota, Cascade, Lafleur and other well-respected brands.\n\n### How did we get here?\n\nMartine Nadal worked for this text is only used as a placeholder. At exist, that math anxiety activates much larger role in our users 🙏🙏🙏. Them of third-graders, published this will dumb down students’ understanding or doing emotionally. Consult Martine's [biography here](/news/biography/) to get the big picture.\n\n![](https://raw.githubusercontent.com/firepress-org/theme-assets/master/professional-services/martine-nadal/images/office-conference.jpg)\n\n> Good design is obvious. Great design is transparent.<br>\n— Joe Sparano\n\n### How can we help you?\n\nThis showcase exists to help your mind projects how your website will look like 😙. This simple placeholder is used for this live demo website. This block of content should help you.\n\nThis is a simple placeholder. These words won’t make any sense and it's fine. This block of content should help you to give you a good idea.\n\n### Why can you trust us?\n\nPlease take a look at our [portfolio](/news/portfolio/) I received over the years from satisfied clients (*and organizations I helped pro-bono*). This showcase exists to help your mind projects how your website will look like.\n\n*(Psst... Want to start a website just like this one? Request your [free 21-Day trial here](http://firepress.org/blog/sign-up-for-your-free-21-day-trial-at-firepress/))*\n\n<br><a href=\"/news/contact/\" class=\"button button-block button-primary button-rounded\">Contact ></a><br>","mobiledoc":null,"html":"<p>Agency BrandHere has opened its doors 10 years ago doing marketing for accounts like Toyota, Cascade, Lafleur and other well-respected brands.</p>\n\n<h3 id=\"howdidwegethere\">How did we get here?</h3>\n\n<p>Martine Nadal worked for this text is only used as a placeholder. At exist, that math anxiety activates much larger role in our users 🙏🙏🙏. Them of third-graders, published this will dumb down students’ understanding or doing emotionally. Consult Martine's <a href=\"/news/biography/\">biography here</a> to get the big picture.</p>\n\n<p><img src=\"https://raw.githubusercontent.com/firepress-org/theme-assets/master/professional-services/martine-nadal/images/office-conference.jpg\" alt=\"\" /></p>\n\n<blockquote>\n  <p>Good design is obvious. Great design is transparent.<br>\n  — Joe Sparano</p>\n</blockquote>\n\n<h3 id=\"howcanwehelpyou\">How can we help you?</h3>\n\n<p>This showcase exists to help your mind projects how your website will look like 😙. This simple placeholder is used for this live demo website. This block of content should help you.</p>\n\n<p>This is a simple placeholder. These words won’t make any sense and it's fine. This block of content should help you to give you a good idea.</p>\n\n<h3 id=\"whycanyoutrustus\">Why can you trust us?</h3>\n\n<p>Please take a look at our <a href=\"/news/portfolio/\">portfolio</a> I received over the years from satisfied clients (<em>and organizations I helped pro-bono</em>). This showcase exists to help your mind projects how your website will look like.</p>\n\n<p><em>(Psst... Want to start a website just like this one? Request your <a href=\"http://firepress.org/blog/sign-up-for-your-free-21-day-trial-at-firepress/\">free 21-Day trial here</a>)</em></p>\n\n<p><br><a href=\"/news/contact/\" class=\"button button-block button-primary button-rounded\">Contact ></a><br></p>","amp":null,"image":"https://raw.githubusercontent.com/firepress-org/theme-assets/master/professional-services/martine-nadal/images/main-header-d.jpg","featured":0,"page":1,"status":"published","language":"en_US","visibility":"public","meta_title":null,"meta_description":null,"author_id":1,"created_at":"2017-04-20T02:36:26.000Z","created_by":1,"updated_at":"2017-05-22T18:52:12.000Z","updated_by":1,"published_at":"2017-04-19T23:00:00.000Z","published_by":1},{"id":8,"uuid":"06f06083-4c8a-4827-9fc0-99eeb181fdb9","title":"Contact","slug":"contact","markdown":"### Social networks\n\nYou can follow us...\n\n- [Twitter](https://twitter.com/askpascalandy)\n- [Facebook](https://www.facebook.com/askpascalandy)\n- [Linkedin](https://ca.linkedin.com/in/pascalnguyendeschenes).\n\n---\n\n### Via email\n\n<form method=\"POST\" action=\"http://formspree.io/relations@firepress.org\">\n  <input type=\"email\" name=\"email\" placeholder=\"Your email\"><br>\n  <textarea name=\"message\" placeholder=\"Your message\" style=\"height:180px\"></textarea><br>\n  <button type=\"submit\">Send</button>\n</form>\n\n---\n\n### Appointment\n\nYou can now schedule your next appointment in [our reservation system](http://my.setmore.com/bookingpage/7b4da87f-29c1-41b9-a10a-b974bf91c627)\n\n---\n\n### Address\n\nBrandHere\n5145 Rue Wellington\nMontréal Québec\nCanada H4G 3M6\n514-123-4567\nWebsite: http://martinenadal.tk/\n\n[Open in Google Map](https://www.google.ca/maps/@45.4549261,-73.5701503,17z)\n\n[![](https://raw.githubusercontent.com/firepress-org/theme-assets/master/professional-services/martine-nadal/images/map3.jpg)](https://www.google.ca/maps/@45.4549261,-73.5701503,17z)\n\n*(Psst... Want to start a website just like this one? Request your [free 21-Day trial here](http://firepress.org/blog/sign-up-for-your-free-21-day-trial-at-firepress/))*\n\n<br><a href=\"/news/services/\" class=\"button button-block button-primary button-rounded\">Services ></a><br>","mobiledoc":null,"html":"<h3 id=\"socialnetworks\">Social networks</h3>\n\n<p>You can follow us...</p>\n\n<ul>\n<li><a href=\"https://twitter.com/askpascalandy\">Twitter</a></li>\n<li><a href=\"https://www.facebook.com/askpascalandy\">Facebook</a></li>\n<li><a href=\"https://ca.linkedin.com/in/pascalnguyendeschenes\">Linkedin</a>.</li>\n</ul>\n\n<hr />\n\n<h3 id=\"viaemail\">Via email</h3>\n\n<form method=\"POST\" action=\"http://formspree.io/relations@firepress.org\">  \n  <input type=\"email\" name=\"email\" placeholder=\"Your email\"><br>\n  <textarea name=\"message\" placeholder=\"Your message\" style=\"height:180px\"></textarea><br>\n  <button type=\"submit\">Send</button>\n</form>\n\n<hr />\n\n<h3 id=\"appointment\">Appointment</h3>\n\n<p>You can now schedule your next appointment in <a href=\"http://my.setmore.com/bookingpage/7b4da87f-29c1-41b9-a10a-b974bf91c627\">our reservation system</a></p>\n\n<hr />\n\n<h3 id=\"address\">Address</h3>\n\n<p>BrandHere <br />\n5145 Rue Wellington <br />\nMontréal Québec <br />\nCanada H4G 3M6 <br />\n514-123-4567 <br />\nWebsite: <a href=\"http://martinenadal.tk/\">http://martinenadal.tk/</a></p>\n\n<p><a href=\"https://www.google.ca/maps/@45.4549261,-73.5701503,17z\">Open in Google Map</a></p>\n\n<p><a href=\"https://www.google.ca/maps/@45.4549261,-73.5701503,17z\"><img src=\"https://raw.githubusercontent.com/firepress-org/theme-assets/master/professional-services/martine-nadal/images/map3.jpg\" alt=\"\" title=\"\" /></a></p>\n\n<p><em>(Psst... Want to start a website just like this one? Request your <a href=\"http://firepress.org/blog/sign-up-for-your-free-21-day-trial-at-firepress/\">free 21-Day trial here</a>)</em></p>\n\n<p><br><a href=\"/news/services/\" class=\"button button-block button-primary button-rounded\">Services ></a><br></p>","amp":null,"image":"https://raw.githubusercontent.com/firepress-org/theme-assets/master/professional-services/martine-nadal/images/main-header-d.jpg","featured":0,"page":1,"status":"published","language":"en_US","visibility":"public","meta_title":null,"meta_description":null,"author_id":1,"created_at":"2017-04-20T02:37:11.000Z","created_by":1,"updated_at":"2017-05-22T18:54:11.000Z","updated_by":1,"published_at":"2017-04-19T22:00:00.000Z","published_by":1},{"id":9,"uuid":"e38ee61f-da44-4558-b844-76cae4a7185c","title":"Services","slug":"services","markdown":"### Let us help\n\nAs a social media campaign ninja, we help businesses to focus their marketing efforts with dedication and passion. Our team is small, customer oriented and highly reactive. You can learn more [about us here](/news/about-us/).\n\nWe shine at:\n\n- Social network content creation\n- Content creation on FirePress\n- SEO optimization\n- Banner et flyer infography\n- Video, TV, Radio\n- Print\n\n![](https://raw.githubusercontent.com/firepress-org/theme-assets/master/professional-services/martine-nadal/images/production.jpg)\n\n### Social networks nurturing <br>\n\nOperate and execute the core of your business is taking all your time? This is not a reason to give up on social networks. Let our creative people do it for you!\n\n<div class=\"grid\">\n    <div class=\"col-10-12 mobile-col-10-12\">\n        <div class=\"content\">\n💡 Publish original content over 3 social networks<br>\n💡 Every morning<br>\n💡 5 days a week<br>\n💡 Billed each month\n        </div>\n    </div>\n    <div class=\"col-2-12 mobile-col-2-12\">\n        <div class=\"content push-right\">\n475$\n        </div>\n    </div>\n</div>\n\n<div class=\"grid\">\n    <div class=\"col-10-12 mobile-col-10-12\">\n        <div class=\"content\">\n🕯 Publish original content over 3 social networks<br>\n🕯 Twice a day<br>\n🕯 5 days a week<br>\n🕯 Billed each month\n        </div>\n    </div>\n    <div class=\"col-2-12 mobile-col-2-12\">\n        <div class=\"content push-right\">\n750$\n        </div>\n    </div>\n</div>\n\n---\n\n### Testimonials\n\n> I'm very impressed by what Sara did for my website. I couldn't have made it without you! xoxx<br>\n— [Katy Perry](https://twitter.com/katyperry?ref_src=twsrc%5Egoogle%7Ctwcamp%5Eserp%7Ctwgr%5Eauthor) \n\n---\n\n> What can I say that's not been said about Sara ? Bravissimo!<br>\n— [Walt Mossberg](http://www.theverge.com/users/WaltMossberg)\n\n---\n\n> My life change since Sara is in my life.<br>\n— [Jeff Bezos](https://www.linkedin.com/in/jeffrey-bezos-b2b351123)\n\n---\n\n> This platform *plus a shitload of work* is a game changer. Period!<br>\n— [Gary Vee](https://www.facebook.com/gary/)\n\n---\n\n> Sara has nailed it with FirePress!<br>\n— [Pascal Andy](http://pascalandy.com/)\n\n![](https://raw.githubusercontent.com/firepress-org/theme-assets/master/professional-services/martine-nadal/images/animated-good-job.gif)\n\n*(Psst... Want to start a website just like this one? Request your [free 21-Day trial here](http://firepress.org/blog/sign-up-for-your-free-21-day-trial-at-firepress/))*\n\n<br><a href=\"/news/portfolio/\" class=\"button button-block button-primary button-rounded\">Portfolio ></a><br>","mobiledoc":null,"html":"<h3 id=\"letushelp\">Let us help</h3>\n\n<p>As a social media campaign ninja, we help businesses to focus their marketing efforts with dedication and passion. Our team is small, customer oriented and highly reactive. You can learn more <a href=\"/news/about-us/\">about us here</a>.</p>\n\n<p>We shine at:</p>\n\n<ul>\n<li>Social network content creation</li>\n<li>Content creation on FirePress</li>\n<li>SEO optimization</li>\n<li>Banner et flyer infography</li>\n<li>Video, TV, Radio</li>\n<li>Print</li>\n</ul>\n\n<p><img src=\"https://raw.githubusercontent.com/firepress-org/theme-assets/master/professional-services/martine-nadal/images/production.jpg\" alt=\"\" /></p>\n\n<h3 id=\"socialnetworksnurturingbr\">Social networks nurturing <br></h3>\n\n<p>Operate and execute the core of your business is taking all your time? This is not a reason to give up on social networks. Let our creative people do it for you!</p>\n\n<div class=\"grid\">  \n    <div class=\"col-10-12 mobile-col-10-12\">\n        <div class=\"content\">\n💡 Publish original content over 3 social networks<br>\n💡 Every morning<br>\n💡 5 days a week<br>\n💡 Billed each month\n        </div>\n    </div>\n    <div class=\"col-2-12 mobile-col-2-12\">\n        <div class=\"content push-right\">\n475$  \n        </div>\n    </div>\n</div>\n\n<div class=\"grid\">  \n    <div class=\"col-10-12 mobile-col-10-12\">\n        <div class=\"content\">\n🕯 Publish original content over 3 social networks<br>\n🕯 Twice a day<br>\n🕯 5 days a week<br>\n🕯 Billed each month\n        </div>\n    </div>\n    <div class=\"col-2-12 mobile-col-2-12\">\n        <div class=\"content push-right\">\n750$  \n        </div>\n    </div>\n</div>\n\n<hr />\n\n<h3 id=\"testimonials\">Testimonials</h3>\n\n<blockquote>\n  <p>I'm very impressed by what Sara did for my website. I couldn't have made it without you! xoxx<br>\n  — <a href=\"https://twitter.com/katyperry?ref_src=twsrc%5Egoogle%7Ctwcamp%5Eserp%7Ctwgr%5Eauthor\">Katy Perry</a> </p>\n</blockquote>\n\n<hr />\n\n<blockquote>\n  <p>What can I say that's not been said about Sara ? Bravissimo!<br>\n  — <a href=\"http://www.theverge.com/users/WaltMossberg\">Walt Mossberg</a></p>\n</blockquote>\n\n<hr />\n\n<blockquote>\n  <p>My life change since Sara is in my life.<br>\n  — <a href=\"https://www.linkedin.com/in/jeffrey-bezos-b2b351123\">Jeff Bezos</a></p>\n</blockquote>\n\n<hr />\n\n<blockquote>\n  <p>This platform <em>plus a shitload of work</em> is a game changer. Period!<br>\n  — <a href=\"https://www.facebook.com/gary/\">Gary Vee</a></p>\n</blockquote>\n\n<hr />\n\n<blockquote>\n  <p>Sara has nailed it with FirePress!<br>\n  — <a href=\"http://pascalandy.com/\">Pascal Andy</a></p>\n</blockquote>\n\n<p><img src=\"https://raw.githubusercontent.com/firepress-org/theme-assets/master/professional-services/martine-nadal/images/animated-good-job.gif\" alt=\"\" /></p>\n\n<p><em>(Psst... Want to start a website just like this one? Request your <a href=\"http://firepress.org/blog/sign-up-for-your-free-21-day-trial-at-firepress/\">free 21-Day trial here</a>)</em></p>\n\n<p><br><a href=\"/news/portfolio/\" class=\"button button-block button-primary button-rounded\">Portfolio ></a><br></p>","amp":null,"image":"https://raw.githubusercontent.com/firepress-org/theme-assets/master/professional-services/martine-nadal/images/main-header-d.jpg","featured":0,"page":1,"status":"published","language":"en_US","visibility":"public","meta_title":null,"meta_description":null,"author_id":1,"created_at":"2017-04-20T02:38:02.000Z","created_by":1,"updated_at":"2017-05-22T18:53:54.000Z","updated_by":1,"published_at":"2017-04-20T00:00:00.000Z","published_by":1},{"id":10,"uuid":"d7158e86-8865-4891-b81d-9eb9ef0a9550","title":"Biography","slug":"biography","markdown":"**April 2003** — BrandHere was founded by Martine Nadal in Montreal City (Canada). This simple placeholder is used for this live demo website. This block of content should help you to give you a good idea about how your website looks like with real life content.\n\n![](https://raw.githubusercontent.com/firepress-org/theme-assets/master/professional-services/martine-nadal/images/martine-nadal.jpg)\n\n**Here is my story** — I was born in Canada in 1980. My father was a [x-y-z] and my mother was practising [x-y-z] at the time.\n\n**May 1999** - This is a simple placeholder. These words won’t make any sense and it's fine. The goal here is to focus on the container not on the content. Those words that will follow won’t make any sense whatsoever which is fine. At the moment, the goal is to build a structure for our site.\n\nOf that continues to link the article anonymously modern art freud inferred. Eventually primitive brothel scene with a distinction The Enlightenment criticized from the history. \n\n**June 2000** — This is a simple placeholder. These words won’t make any sense and it's fine. The goal here is to focus on the container not on the content. From understanding of the day worked either through 1912 analytic. And criticized Vasari's cult of a broader term that the date.\n\nHe the periods of the 20th century Henri Matisse and other young artists. Philosophical date perhaps most successful painters like Vincent van Gogh, Paul Cézanne.\n\n> If you want to help people to get to know you, a biography is one of the best ways to do it. It can be seen as a long version of your about me page. It's all matters of taste at the end.\n\n**September 2002** — But idea that enjoyed public exhibitions the learned beholder and therefore. Capture this work thus were Gedanken über die Nachahmung der Kunst. \n\n**October 2002** — This is a simple placeholder. These words won’t make any sense and it's fine. The goal here is to focus on the container not on the content. All founders of the founders of art comes from antiquity to modern art. \n\n![](https://raw.githubusercontent.com/firepress-org/theme-assets/master/professional-services/martine-nadal/images/two-friends.jpg)\n\n**Summer 2003** — All The loud for this meant that there's a huge hill. Twitter apps are developed to design a tipping point. That Android, or even tastes, good does it on paper you prototype it. Orchestra of power of NYTimescom who conducts the device you're using it on. This event was exceptional! See the video below:\n\n<iframe width=\"560\" height=\"315\" src=\"https://www.youtube.com/embed/9Sc-ir2UwGU\" frameborder=\"0\" allowfullscreen></iframe>\n<br>\n\n**Today** — This is a simple placeholder. These words won’t make any sense and it's fine. The goal here is to focus on the container not on the content. Pencil its and paper as their first resort that Google has. Senses a powerful product, which effectively removed steam and is. Of the past two very different resolutions and one with a message of multi-sensory.\n\n*(Psst... Want to start a website just like this one? Request your [free 21-Day trial here](http://firepress.org/blog/sign-up-for-your-free-21-day-trial-at-firepress/))*\n\n<br><a href=\"/news/about-us/\" class=\"button button-block button-primary button-rounded\">About Us ></a><br>","mobiledoc":null,"html":"<p><strong>April 2003</strong> — BrandHere was founded by Martine Nadal in Montreal City (Canada). This simple placeholder is used for this live demo website. This block of content should help you to give you a good idea about how your website looks like with real life content.</p>\n\n<p><img src=\"https://raw.githubusercontent.com/firepress-org/theme-assets/master/professional-services/martine-nadal/images/martine-nadal.jpg\" alt=\"\" /></p>\n\n<p><strong>Here is my story</strong> — I was born in Canada in 1980. My father was a [x-y-z] and my mother was practising [x-y-z] at the time.</p>\n\n<p><strong>May 1999</strong> - This is a simple placeholder. These words won’t make any sense and it's fine. The goal here is to focus on the container not on the content. Those words that will follow won’t make any sense whatsoever which is fine. At the moment, the goal is to build a structure for our site.</p>\n\n<p>Of that continues to link the article anonymously modern art freud inferred. Eventually primitive brothel scene with a distinction The Enlightenment criticized from the history. </p>\n\n<p><strong>June 2000</strong> — This is a simple placeholder. These words won’t make any sense and it's fine. The goal here is to focus on the container not on the content. From understanding of the day worked either through 1912 analytic. And criticized Vasari's cult of a broader term that the date.</p>\n\n<p>He the periods of the 20th century Henri Matisse and other young artists. Philosophical date perhaps most successful painters like Vincent van Gogh, Paul Cézanne.</p>\n\n<blockquote>\n  <p>If you want to help people to get to know you, a biography is one of the best ways to do it. It can be seen as a long version of your about me page. It's all matters of taste at the end.</p>\n</blockquote>\n\n<p><strong>September 2002</strong> — But idea that enjoyed public exhibitions the learned beholder and therefore. Capture this work thus were Gedanken über die Nachahmung der Kunst. </p>\n\n<p><strong>October 2002</strong> — This is a simple placeholder. These words won’t make any sense and it's fine. The goal here is to focus on the container not on the content. All founders of the founders of art comes from antiquity to modern art. </p>\n\n<p><img src=\"https://raw.githubusercontent.com/firepress-org/theme-assets/master/professional-services/martine-nadal/images/two-friends.jpg\" alt=\"\" /></p>\n\n<p><strong>Summer 2003</strong> — All The loud for this meant that there's a huge hill. Twitter apps are developed to design a tipping point. That Android, or even tastes, good does it on paper you prototype it. Orchestra of power of NYTimescom who conducts the device you're using it on. This event was exceptional! See the video below:</p>\n\n<iframe width=\"560\" height=\"315\" src=\"https://www.youtube.com/embed/9Sc-ir2UwGU\" frameborder=\"0\" allowfullscreen></iframe>  \n\n<p><br></p>\n\n<p><strong>Today</strong> — This is a simple placeholder. These words won’t make any sense and it's fine. The goal here is to focus on the container not on the content. Pencil its and paper as their first resort that Google has. Senses a powerful product, which effectively removed steam and is. Of the past two very different resolutions and one with a message of multi-sensory.</p>\n\n<p><em>(Psst... Want to start a website just like this one? Request your <a href=\"http://firepress.org/blog/sign-up-for-your-free-21-day-trial-at-firepress/\">free 21-Day trial here</a>)</em></p>\n\n<p><br><a href=\"/news/about-us/\" class=\"button button-block button-primary button-rounded\">About Us ></a><br></p>","amp":null,"image":"https://raw.githubusercontent.com/firepress-org/theme-assets/master/professional-services/martine-nadal/images/main-header-d.jpg","featured":0,"page":1,"status":"published","language":"en_US","visibility":"public","meta_title":null,"meta_description":null,"author_id":1,"created_at":"2017-04-20T02:38:29.000Z","created_by":1,"updated_at":"2017-05-22T18:54:21.000Z","updated_by":1,"published_at":"2017-04-19T21:00:00.000Z","published_by":1},{"id":11,"uuid":"dc6e72f4-338d-41a2-90cc-26eb51bc1c62","title":"Portfolio","slug":"portfolio","markdown":"Don't believe and just watch 🤓. Here is the work we shipped over the years. You can *click on the pictures* to get more details.\n\n[![](https://raw.githubusercontent.com/firepress-org/theme-assets/master/professional-services/martine-nadal/images/portfolio-preview/portfolio-preview-top-5.jpg)](/news/portfolio-our-top-5-most-impactful-realizations/)\n\n[![](https://raw.githubusercontent.com/firepress-org/theme-assets/master/professional-services/martine-nadal/images/portfolio-preview/portfolio-preview-survival-kit.jpg)](/news/portfolio-survival-kit/)\n\n[![](https://raw.githubusercontent.com/firepress-org/theme-assets/master/professional-services/martine-nadal/images/portfolio-preview/portfolio-preview-milan.jpg)](/news/portfolio-milan/)\n\nThis simple placeholder is used for this live demo website. This block of content should help you to give you a good idea about how your website looks like with real life content.\n\n<br><a href=\"/news/about-us/\" class=\"button button-block button-primary button-rounded\">About Us ></a><br>","mobiledoc":null,"html":"<p>Don't believe and just watch 🤓. Here is the work we shipped over the years. You can <em>click on the pictures</em> to get more details.</p>\n\n<p><a href=\"/news/portfolio-our-top-5-most-impactful-realizations/\"><img src=\"https://raw.githubusercontent.com/firepress-org/theme-assets/master/professional-services/martine-nadal/images/portfolio-preview/portfolio-preview-top-5.jpg\" alt=\"\" title=\"\" /></a></p>\n\n<p><a href=\"/news/portfolio-survival-kit/\"><img src=\"https://raw.githubusercontent.com/firepress-org/theme-assets/master/professional-services/martine-nadal/images/portfolio-preview/portfolio-preview-survival-kit.jpg\" alt=\"\" title=\"\" /></a></p>\n\n<p><a href=\"/news/portfolio-milan/\"><img src=\"https://raw.githubusercontent.com/firepress-org/theme-assets/master/professional-services/martine-nadal/images/portfolio-preview/portfolio-preview-milan.jpg\" alt=\"\" title=\"\" /></a></p>\n\n<p>This simple placeholder is used for this live demo website. This block of content should help you to give you a good idea about how your website looks like with real life content.</p>\n\n<p><br><a href=\"/news/about-us/\" class=\"button button-block button-primary button-rounded\">About Us ></a><br></p>","amp":null,"image":"https://raw.githubusercontent.com/firepress-org/theme-assets/master/professional-services/martine-nadal/images/main-header-d.jpg","featured":0,"page":1,"status":"published","language":"en_US","visibility":"public","meta_title":null,"meta_description":null,"author_id":1,"created_at":"2017-04-20T02:39:17.000Z","created_by":1,"updated_at":"2017-05-22T18:54:28.000Z","updated_by":1,"published_at":"2017-04-11T02:30:00.000Z","published_by":1},{"id":12,"uuid":"c2a39648-f0db-45f0-b613-ae18fdd02b01","title":"Portfolio | Our top 5 most impactful realizations","slug":"portfolio-our-top-5-most-impactful-realizations","markdown":"<br>\n\n### 1) Cycle Marathon\n\n![](https://raw.githubusercontent.com/firepress-org/theme-assets/master/professional-services/martine-nadal/images/portfolio-top-5/top-5-101.jpg)\n\n**Context** — During my last trip around the world, I capture few pictures. Here are my favorites! This is a simple placeholder. These words won’t make any sense and it's fine. The goal here is to focus on the container not on the content.<br>\n**Challenge** — We had to find a way to convinced the city hall to (…). This simple placeholder is used for this live demo website. This showcase exists to help your mind projects how your website will look like.\n\n> Life is like a 10-speed bicycle. Most of us have gears we never use.<br>\n— Charles M. Schultz\n\n<br>\n\n### 2) One drop\n\n![](https://raw.githubusercontent.com/firepress-org/theme-assets/master/professional-services/martine-nadal/images/portfolio-top-5/top-5-102.jpg)\n\n**Context** — This place looks like a desert but it's at 30KM from the capital... The goal here is to focus on the container not on the content. Aenean egestas vitae purus accumsan bibendum.<br>\n**Challenge** — During the dry season water is obviously a scare resource. This showcase. This block of content should help you to give you a good idea about how your website looks like with real life content. This simple placeholder is used for this live demo website.\n\n> You can't cross the sea merely by standing and staring at the water.<br>\n— Rabindranath Tagore \n\n<br>\n\n### 3) Smoke dancer\n\n![](https://raw.githubusercontent.com/firepress-org/theme-assets/master/professional-services/martine-nadal/images/portfolio-top-5/top-5-103.jpg)\n\n**Context** — The 42nd edition of the Digital Festival of Photography is one of the most prestigious... This simple placeholder is used for this live demo website. This showcase exists to help your mind projects how your website will look like.<br>\n**Challenge** — In one word, originality. Little time, almost no money and awesome idea... It all started when we had to do a presentation (…). This simple placeholder is used for this live demo website. This showcase exists to help your mind projects how your.\n\n> Learn to dance in the storm so when life hands you a stormy weather, you just glide through it.<br>\n— Phil Brookes\n\n<br>\n\n### 4) Landing the wave\n\n![](https://raw.githubusercontent.com/firepress-org/theme-assets/master/professional-services/martine-nadal/images/portfolio-top-5/top-5-104.jpg)\n\n**Context** — Surf is patience and strategy. Knowing when to take a wave or not is all about... This simple placeholder is used for this live demo website. This showcase exists to help your mind projects how your website will look like.<br>\n**Challenge** — They told us the only way to get to Nivana island was to take the boat of... It all started when we had to do a presentation… This block of content should help you to give you a good idea about how your website looks like with real life content.\n\n> Never drive away from good surf.<br>\n— Roger Sharp\n\n<br>\n\n### 5) It's a marathon\n\n![](https://raw.githubusercontent.com/firepress-org/theme-assets/master/professional-services/martine-nadal/images/portfolio-top-5/top-5-105.jpg)\n\n**Context** — There is two types of people: sprinters and marathoners. This simple placeholder is used for this live demo website. This showcase exists to help your mind projects how your website will look like.<br>\n**Challenge** — This block of content should help you to give you a good idea about how your website looks like with real life content. It all started when we had to do a presentation (…). This simple placeholder is used for this live demo website.\n\n> Running is nothing more than a series of arguments between the part of your brain that wants to stop and the part that wants to keep going<br>\n— Terry Fox\n\n*(Psst... Want to start a website just like this one? Request your [free 21-Day trial here](http://firepress.org/blog/sign-up-for-your-free-21-day-trial-at-firepress/))*\n\n<br><a href=\"/news/portfolio/\" class=\"button button-block button-primary button-rounded\">Portfolio ></a><br>","mobiledoc":null,"html":"<p><br></p>\n\n<h3 id=\"1cyclemarathon\">1) Cycle Marathon</h3>\n\n<p><img src=\"https://raw.githubusercontent.com/firepress-org/theme-assets/master/professional-services/martine-nadal/images/portfolio-top-5/top-5-101.jpg\" alt=\"\" /></p>\n\n<p><strong>Context</strong> — During my last trip around the world, I capture few pictures. Here are my favorites! This is a simple placeholder. These words won’t make any sense and it's fine. The goal here is to focus on the container not on the content.<br>\n<strong>Challenge</strong> — We had to find a way to convinced the city hall to (…). This simple placeholder is used for this live demo website. This showcase exists to help your mind projects how your website will look like.</p>\n\n<blockquote>\n  <p>Life is like a 10-speed bicycle. Most of us have gears we never use.<br>\n  — Charles M. Schultz</p>\n</blockquote>\n\n<p><br></p>\n\n<h3 id=\"2onedrop\">2) One drop</h3>\n\n<p><img src=\"https://raw.githubusercontent.com/firepress-org/theme-assets/master/professional-services/martine-nadal/images/portfolio-top-5/top-5-102.jpg\" alt=\"\" /></p>\n\n<p><strong>Context</strong> — This place looks like a desert but it's at 30KM from the capital... The goal here is to focus on the container not on the content. Aenean egestas vitae purus accumsan bibendum.<br>\n<strong>Challenge</strong> — During the dry season water is obviously a scare resource. This showcase. This block of content should help you to give you a good idea about how your website looks like with real life content. This simple placeholder is used for this live demo website.</p>\n\n<blockquote>\n  <p>You can't cross the sea merely by standing and staring at the water.<br>\n  — Rabindranath Tagore </p>\n</blockquote>\n\n<p><br></p>\n\n<h3 id=\"3smokedancer\">3) Smoke dancer</h3>\n\n<p><img src=\"https://raw.githubusercontent.com/firepress-org/theme-assets/master/professional-services/martine-nadal/images/portfolio-top-5/top-5-103.jpg\" alt=\"\" /></p>\n\n<p><strong>Context</strong> — The 42nd edition of the Digital Festival of Photography is one of the most prestigious... This simple placeholder is used for this live demo website. This showcase exists to help your mind projects how your website will look like.<br>\n<strong>Challenge</strong> — In one word, originality. Little time, almost no money and awesome idea... It all started when we had to do a presentation (…). This simple placeholder is used for this live demo website. This showcase exists to help your mind projects how your.</p>\n\n<blockquote>\n  <p>Learn to dance in the storm so when life hands you a stormy weather, you just glide through it.<br>\n  — Phil Brookes</p>\n</blockquote>\n\n<p><br></p>\n\n<h3 id=\"4landingthewave\">4) Landing the wave</h3>\n\n<p><img src=\"https://raw.githubusercontent.com/firepress-org/theme-assets/master/professional-services/martine-nadal/images/portfolio-top-5/top-5-104.jpg\" alt=\"\" /></p>\n\n<p><strong>Context</strong> — Surf is patience and strategy. Knowing when to take a wave or not is all about... This simple placeholder is used for this live demo website. This showcase exists to help your mind projects how your website will look like.<br>\n<strong>Challenge</strong> — They told us the only way to get to Nivana island was to take the boat of... It all started when we had to do a presentation… This block of content should help you to give you a good idea about how your website looks like with real life content.</p>\n\n<blockquote>\n  <p>Never drive away from good surf.<br>\n  — Roger Sharp</p>\n</blockquote>\n\n<p><br></p>\n\n<h3 id=\"5itsamarathon\">5) It's a marathon</h3>\n\n<p><img src=\"https://raw.githubusercontent.com/firepress-org/theme-assets/master/professional-services/martine-nadal/images/portfolio-top-5/top-5-105.jpg\" alt=\"\" /></p>\n\n<p><strong>Context</strong> — There is two types of people: sprinters and marathoners. This simple placeholder is used for this live demo website. This showcase exists to help your mind projects how your website will look like.<br>\n<strong>Challenge</strong> — This block of content should help you to give you a good idea about how your website looks like with real life content. It all started when we had to do a presentation (…). This simple placeholder is used for this live demo website.</p>\n\n<blockquote>\n  <p>Running is nothing more than a series of arguments between the part of your brain that wants to stop and the part that wants to keep going<br>\n  — Terry Fox</p>\n</blockquote>\n\n<p><em>(Psst... Want to start a website just like this one? Request your <a href=\"http://firepress.org/blog/sign-up-for-your-free-21-day-trial-at-firepress/\">free 21-Day trial here</a>)</em></p>\n\n<p><br><a href=\"/news/portfolio/\" class=\"button button-block button-primary button-rounded\">Portfolio ></a><br></p>","amp":null,"image":"https://raw.githubusercontent.com/firepress-org/theme-assets/master/professional-services/martine-nadal/images/main-header-d.jpg","featured":0,"page":1,"status":"published","language":"en_US","visibility":"public","meta_title":null,"meta_description":null,"author_id":1,"created_at":"2017-04-20T02:40:05.000Z","created_by":1,"updated_at":"2017-05-22T18:55:37.000Z","updated_by":1,"published_at":"2017-04-11T02:29:00.000Z","published_by":1},{"id":13,"uuid":"793b2d06-6fe3-4e70-b13e-c0d8549700fd","title":"Portfolio | Milan","slug":"portfolio-milan","markdown":"It all started when we had to do a presentation (…). This simple placeholder is used for this live demo website. This showcase exists to help your mind projects how your website will look like. \n\nThis block of content should help you to give you a good idea about how your website looks like with real life content. See the result below.\n\n![](https://raw.githubusercontent.com/firepress-org/theme-assets/master/professional-services/martine-nadal/images/portfolio-milan/milan-102.jpg)\n\n![](https://raw.githubusercontent.com/firepress-org/theme-assets/master/professional-services/martine-nadal/images/portfolio-milan/milan-101.jpg)\n\n![](https://raw.githubusercontent.com/firepress-org/theme-assets/master/professional-services/martine-nadal/images/portfolio-milan/milan-103.jpg)\n\n![](https://raw.githubusercontent.com/firepress-org/theme-assets/master/professional-services/martine-nadal/images/portfolio-milan/milan-104.jpg)\n\n![](https://raw.githubusercontent.com/firepress-org/theme-assets/master/professional-services/martine-nadal/images/portfolio-milan/milan-105.jpg)\n\n![](https://raw.githubusercontent.com/firepress-org/theme-assets/master/professional-services/martine-nadal/images/portfolio-milan/milan-106.jpg)\n\n*(Psst... Want to start a website just like this one? Request your [free 21-Day trial here](http://firepress.org/blog/sign-up-for-your-free-21-day-trial-at-firepress/))*\n\n<br><a href=\"/news/portfolio/\" class=\"button button-block button-primary button-rounded\">Portfolio ></a><br>","mobiledoc":null,"html":"<p>It all started when we had to do a presentation (…). This simple placeholder is used for this live demo website. This showcase exists to help your mind projects how your website will look like. </p>\n\n<p>This block of content should help you to give you a good idea about how your website looks like with real life content. See the result below.</p>\n\n<p><img src=\"https://raw.githubusercontent.com/firepress-org/theme-assets/master/professional-services/martine-nadal/images/portfolio-milan/milan-102.jpg\" alt=\"\" /></p>\n\n<p><img src=\"https://raw.githubusercontent.com/firepress-org/theme-assets/master/professional-services/martine-nadal/images/portfolio-milan/milan-101.jpg\" alt=\"\" /></p>\n\n<p><img src=\"https://raw.githubusercontent.com/firepress-org/theme-assets/master/professional-services/martine-nadal/images/portfolio-milan/milan-103.jpg\" alt=\"\" /></p>\n\n<p><img src=\"https://raw.githubusercontent.com/firepress-org/theme-assets/master/professional-services/martine-nadal/images/portfolio-milan/milan-104.jpg\" alt=\"\" /></p>\n\n<p><img src=\"https://raw.githubusercontent.com/firepress-org/theme-assets/master/professional-services/martine-nadal/images/portfolio-milan/milan-105.jpg\" alt=\"\" /></p>\n\n<p><img src=\"https://raw.githubusercontent.com/firepress-org/theme-assets/master/professional-services/martine-nadal/images/portfolio-milan/milan-106.jpg\" alt=\"\" /></p>\n\n<p><em>(Psst... Want to start a website just like this one? Request your <a href=\"http://firepress.org/blog/sign-up-for-your-free-21-day-trial-at-firepress/\">free 21-Day trial here</a>)</em></p>\n\n<p><br><a href=\"/news/portfolio/\" class=\"button button-block button-primary button-rounded\">Portfolio ></a><br></p>","amp":null,"image":"https://raw.githubusercontent.com/firepress-org/theme-assets/master/professional-services/martine-nadal/images/main-header-d.jpg","featured":0,"page":1,"status":"published","language":"en_US","visibility":"public","meta_title":null,"meta_description":null,"author_id":1,"created_at":"2017-04-20T02:40:46.000Z","created_by":1,"updated_at":"2017-05-22T18:56:06.000Z","updated_by":1,"published_at":"2017-04-11T01:00:00.000Z","published_by":1},{"id":14,"uuid":"afc39448-8118-43ff-aec8-b585fbb8fefa","title":"Portfolio | Survival Kit","slug":"portfolio-survival-kit","markdown":"![](https://raw.githubusercontent.com/firepress-org/theme-assets/master/professional-services/martine-nadal/images/portfolio-survival-kit/survival-kit-101.jpg)\n\n**Context** — During the fashion weekend, we had to find a way to placeholder is used for this live demo website. This showcase exists to help your mind projects how your website will look like.\n\n**Challenge** — We found the best way to accomplish this mission was to placeholder is used for this live demo website. This showcase exists to help your mind projects how your website will look like. \n\n![](https://raw.githubusercontent.com/firepress-org/theme-assets/master/professional-services/martine-nadal/images/portfolio-survival-kit/survival-kit-102.jpg)\n\n![](https://raw.githubusercontent.com/firepress-org/theme-assets/master/professional-services/martine-nadal/images/portfolio-survival-kit/survival-kit-103.jpg)\n\n![](https://raw.githubusercontent.com/firepress-org/theme-assets/master/professional-services/martine-nadal/images/portfolio-survival-kit/survival-kit-104.jpg)\n\n![](https://raw.githubusercontent.com/firepress-org/theme-assets/master/professional-services/martine-nadal/images/portfolio-survival-kit/survival-kit-105.jpg)\n\n*(Psst... Want to start a website just like this one? Request your [free 21-Day trial here](http://firepress.org/blog/sign-up-for-your-free-21-day-trial-at-firepress/))*\n\n<br><a href=\"/news/portfolio/\" class=\"button button-block button-primary button-rounded\">Portfolio ></a><br>","mobiledoc":null,"html":"<p><img src=\"https://raw.githubusercontent.com/firepress-org/theme-assets/master/professional-services/martine-nadal/images/portfolio-survival-kit/survival-kit-101.jpg\" alt=\"\" /></p>\n\n<p><strong>Context</strong> — During the fashion weekend, we had to find a way to placeholder is used for this live demo website. This showcase exists to help your mind projects how your website will look like.</p>\n\n<p><strong>Challenge</strong> — We found the best way to accomplish this mission was to placeholder is used for this live demo website. This showcase exists to help your mind projects how your website will look like. </p>\n\n<p><img src=\"https://raw.githubusercontent.com/firepress-org/theme-assets/master/professional-services/martine-nadal/images/portfolio-survival-kit/survival-kit-102.jpg\" alt=\"\" /></p>\n\n<p><img src=\"https://raw.githubusercontent.com/firepress-org/theme-assets/master/professional-services/martine-nadal/images/portfolio-survival-kit/survival-kit-103.jpg\" alt=\"\" /></p>\n\n<p><img src=\"https://raw.githubusercontent.com/firepress-org/theme-assets/master/professional-services/martine-nadal/images/portfolio-survival-kit/survival-kit-104.jpg\" alt=\"\" /></p>\n\n<p><img src=\"https://raw.githubusercontent.com/firepress-org/theme-assets/master/professional-services/martine-nadal/images/portfolio-survival-kit/survival-kit-105.jpg\" alt=\"\" /></p>\n\n<p><em>(Psst... Want to start a website just like this one? Request your <a href=\"http://firepress.org/blog/sign-up-for-your-free-21-day-trial-at-firepress/\">free 21-Day trial here</a>)</em></p>\n\n<p><br><a href=\"/news/portfolio/\" class=\"button button-block button-primary button-rounded\">Portfolio ></a><br></p>","amp":null,"image":"https://raw.githubusercontent.com/firepress-org/theme-assets/master/professional-services/martine-nadal/images/main-header-d.jpg","featured":0,"page":1,"status":"published","language":"en_US","visibility":"public","meta_title":null,"meta_description":null,"author_id":1,"created_at":"2017-04-20T02:41:15.000Z","created_by":1,"updated_at":"2017-05-22T18:55:51.000Z","updated_by":1,"published_at":"2017-04-11T02:27:00.000Z","published_by":1}],"posts_tags":[{"id":2,"post_id":6,"tag_id":2,"sort_order":0}],"roles":[{"id":1,"uuid":"81f3d150-55b4-4fa4-8b3c-e129b8ec3f55","name":"Administrator","description":"Administrators","created_at":"2017-04-20T00:21:59.000Z","created_by":1,"updated_at":"2017-04-20T00:21:59.000Z","updated_by":1},{"id":2,"uuid":"f01b7a8a-e081-4caa-932c-913f67e58853","name":"Editor","description":"Editors","created_at":"2017-04-20T00:21:59.000Z","created_by":1,"updated_at":"2017-04-20T00:21:59.000Z","updated_by":1},{"id":3,"uuid":"86aa5dfd-9746-4632-bcea-fd266097c528","name":"Author","description":"Authors","created_at":"2017-04-20T00:21:59.000Z","created_by":1,"updated_at":"2017-04-20T00:21:59.000Z","updated_by":1},{"id":4,"uuid":"b17cf859-ae57-4c5a-9946-4bd566dff41d","name":"Owner","description":"Blog Owner","created_at":"2017-04-20T00:21:59.000Z","created_by":1,"updated_at":"2017-04-20T00:21:59.000Z","updated_by":1}],"roles_users":[{"id":1,"role_id":4,"user_id":1}],"settings":[{"id":1,"uuid":"11fa39c3-baf4-4b04-b28a-3954c289fe98","key":"databaseVersion","value":"009","type":"core","created_at":"2017-04-20T00:22:05.000Z","created_by":1,"updated_at":"2017-04-20T00:22:05.000Z","updated_by":1},{"id":2,"uuid":"23eff3e1-8c22-4e53-9300-cb790fcb3312","key":"dbHash","value":"77eb0292-4950-4f5d-b15c-9d3c54753455","type":"core","created_at":"2017-04-20T00:22:05.000Z","created_by":1,"updated_at":"2017-04-20T00:22:06.000Z","updated_by":1},{"id":3,"uuid":"061eb54f-2e3f-4cd6-be19-7dff63038965","key":"nextUpdateCheck","value":"1495499341","type":"core","created_at":"2017-04-20T00:22:05.000Z","created_by":1,"updated_at":"2017-05-22T00:29:09.000Z","updated_by":1},{"id":4,"uuid":"9befe384-bb6b-4be3-a5b3-0f3a19593d22","key":"displayUpdateNotification","value":"0.11.9","type":"core","created_at":"2017-04-20T00:22:05.000Z","created_by":1,"updated_at":"2017-05-22T00:29:09.000Z","updated_by":1},{"id":5,"uuid":"075e0129-5014-43fd-b7c6-6159b6c19832","key":"seenNotifications","value":"[]","type":"core","created_at":"2017-04-20T00:22:05.000Z","created_by":1,"updated_at":"2017-04-20T00:22:05.000Z","updated_by":1},{"id":6,"uuid":"1d52f37e-8244-4eed-abbd-738e33a3f1f5","key":"migrations","value":"{}","type":"core","created_at":"2017-04-20T00:22:05.000Z","created_by":1,"updated_at":"2017-04-20T00:22:05.000Z","updated_by":1},{"id":7,"uuid":"fb638733-daa1-4890-a76c-883311d3ce0b","key":"title","value":"","type":"blog","created_at":"2017-04-20T00:22:05.000Z","created_by":1,"updated_at":"2017-05-22T19:00:43.000Z","updated_by":1},{"id":8,"uuid":"28b71a9e-c0a6-4cdf-8b42-2278929d1aaa","key":"description","value":"","type":"blog","created_at":"2017-04-20T00:22:05.000Z","created_by":1,"updated_at":"2017-05-22T19:00:43.000Z","updated_by":1},{"id":9,"uuid":"25e880e7-1e0a-4683-bc5b-3990609454f7","key":"logo","value":"","type":"blog","created_at":"2017-04-20T00:22:05.000Z","created_by":1,"updated_at":"2017-05-22T19:00:43.000Z","updated_by":1},{"id":10,"uuid":"0c33793c-99e3-4726-9427-b13bf8cd7776","key":"cover","value":"https://raw.githubusercontent.com/firepress-org/theme-assets/master/professional-services/martine-nadal/images/main-header-d.jpg","type":"blog","created_at":"2017-04-20T00:22:05.000Z","created_by":1,"updated_at":"2017-05-22T19:00:43.000Z","updated_by":1},{"id":11,"uuid":"66920dd2-864a-4f3b-98fe-8e2111365184","key":"defaultLang","value":"en_US","type":"blog","created_at":"2017-04-20T00:22:05.000Z","created_by":1,"updated_at":"2017-05-22T19:00:43.000Z","updated_by":1},{"id":12,"uuid":"3907a318-5acd-4be8-88cc-0be4390433a8","key":"postsPerPage","value":"5","type":"blog","created_at":"2017-04-20T00:22:05.000Z","created_by":1,"updated_at":"2017-05-22T19:00:43.000Z","updated_by":1},{"id":13,"uuid":"a7a7c859-fe53-4fa6-b441-903fc79e202c","key":"activeTimezone","value":"America/New_York","type":"blog","created_at":"2017-04-20T00:22:05.000Z","created_by":1,"updated_at":"2017-05-22T19:00:43.000Z","updated_by":1},{"id":14,"uuid":"1914473c-5bf0-4baf-b8cb-dfe5ef470e0a","key":"forceI18n","value":"true","type":"blog","created_at":"2017-04-20T00:22:05.000Z","created_by":1,"updated_at":"2017-05-22T19:00:43.000Z","updated_by":1},{"id":15,"uuid":"f136409a-1c4c-4d9f-b7d7-44145f8556de","key":"permalinks","value":"/:slug/","type":"blog","created_at":"2017-04-20T00:22:05.000Z","created_by":1,"updated_at":"2017-05-22T19:00:43.000Z","updated_by":1},{"id":16,"uuid":"32f660b7-5778-4d19-b051-dda150cf489e","key":"amp","value":"true","type":"blog","created_at":"2017-04-20T00:22:05.000Z","created_by":1,"updated_at":"2017-05-22T19:00:43.000Z","updated_by":1},{"id":17,"uuid":"e4ff9995-ca2f-4515-aea9-6364a7994e9f","key":"ghost_head","value":"<!-- Change text color of your page/post/tag titles and descriptions. Default color is #4a4a4a -->\n<style>\n    .page-title,\n    .page-description {color:#4a4a4a!important;\n     }\n</style>\n\n<!-- Description -->\n\n<!-- Description -->","type":"blog","created_at":"2017-04-20T00:22:05.000Z","created_by":1,"updated_at":"2017-05-22T19:00:43.000Z","updated_by":1},{"id":18,"uuid":"d3353182-e248-4dcd-88ae-aadedb062dd2","key":"ghost_foot","value":"<!-- Description -->\n\n<!-- Description -->\n\n<!-- Description -->","type":"blog","created_at":"2017-04-20T00:22:05.000Z","created_by":1,"updated_at":"2017-05-22T19:00:43.000Z","updated_by":1},{"id":19,"uuid":"977459c7-3e62-47ed-99ed-a0bc3c4df5c6","key":"facebook","value":"","type":"blog","created_at":"2017-04-20T00:22:05.000Z","created_by":1,"updated_at":"2017-05-22T19:00:43.000Z","updated_by":1},{"id":20,"uuid":"9d466843-dddc-451a-8f61-57196403110c","key":"twitter","value":"","type":"blog","created_at":"2017-04-20T00:22:05.000Z","created_by":1,"updated_at":"2017-05-22T19:00:43.000Z","updated_by":1},{"id":21,"uuid":"2b2aa89a-aa56-4ce7-b7b6-66f7021899f2","key":"labs","value":"{\"subscribers\":true}","type":"blog","created_at":"2017-04-20T00:22:05.000Z","created_by":1,"updated_at":"2017-05-22T19:00:43.000Z","updated_by":1},{"id":22,"uuid":"62ac3492-a25a-419e-8b52-9de7041c5d91","key":"navigation","value":"[{\"label\":\"Martine Nadal\",\"url\":\"http://martinenadal.tk/\"},{\"label\":\"Services\",\"url\":\"/services/\"},{\"label\":\"Portfolio\",\"url\":\"/portfolio/\"},{\"label\":\"About Us\",\"url\":\"/about-us/\"},{\"label\":\"Contact\",\"url\":\"/contact/\"},{\"label\":\"Blog\",\"url\":\"/\"}]","type":"blog","created_at":"2017-04-20T00:22:05.000Z","created_by":1,"updated_at":"2017-05-22T19:00:43.000Z","updated_by":1},{"id":23,"uuid":"db7f6903-c4ca-4825-9fc2-ef9e7b48614a","key":"slack","value":"[{\"url\":\"\"}]","type":"blog","created_at":"2017-04-20T00:22:05.000Z","created_by":1,"updated_at":"2017-05-22T19:00:43.000Z","updated_by":1},{"id":24,"uuid":"060fbd70-0c03-40f0-9b6d-b58b9736c499","key":"activeApps","value":"[]","type":"app","created_at":"2017-04-20T00:22:05.000Z","created_by":1,"updated_at":"2017-04-20T01:19:15.000Z","updated_by":1},{"id":25,"uuid":"d386a627-bd13-40d8-a5e3-d90330ef911c","key":"installedApps","value":"[]","type":"app","created_at":"2017-04-20T00:22:05.000Z","created_by":1,"updated_at":"2017-05-19T09:17:14.000Z","updated_by":1},{"id":26,"uuid":"35c3d9ba-d07d-464f-9cd8-1394bdfa56c8","key":"isPrivate","value":"false","type":"private","created_at":"2017-04-20T00:22:05.000Z","created_by":1,"updated_at":"2017-05-22T19:00:43.000Z","updated_by":1},{"id":27,"uuid":"1b6c4562-cc0d-4fdf-9875-b34cdb38a141","key":"password","value":"","type":"private","created_at":"2017-04-20T00:22:05.000Z","created_by":1,"updated_at":"2017-05-22T19:00:43.000Z","updated_by":1},{"id":28,"uuid":"d619305f-b02d-4ebd-8ae5-b26da96364ef","key":"activeTheme","value":"casper","type":"theme","created_at":"2017-04-20T00:22:05.000Z","created_by":1,"updated_at":"2017-05-22T19:00:43.000Z","updated_by":1}],"subscribers":[],"tags":[{"id":2,"uuid":"e968a6b0-5d6e-49a9-aaec-a70b80b3038b","name":"how-to","slug":"how-to","description":"An article collection about accomplishing your challenges.","image":"https://raw.githubusercontent.com/firepress-org/theme-assets/master/professional-services/martine-nadal/images/main-header-blurry.jpg","parent_id":null,"visibility":"public","meta_title":null,"meta_description":null,"created_at":"2017-04-28T16:53:12.000Z","created_by":1,"updated_at":"2017-04-28T17:01:53.000Z","updated_by":1}],"users":[{"id":1,"uuid":"da152b6a-e693-49b3-b55b-b587b27173d4","name":"Martine Nadal","slug":"martine-nadal","password":"$2a$10$qGBhwZ9B5Na7XyDjdULcDO/znZ8BFB6uM1Q4i74OvJn.a3Zq9/0te","email":"relations@firepress.org","image":"https://raw.githubusercontent.com/firepress-org/theme-assets/master/professional-services/martine-nadal/images/core-author-profile.jpg","cover":"https://raw.githubusercontent.com/firepress-org/theme-assets/master/professional-services/martine-nadal/images/main-header-blurry.jpg","bio":"I help businesses to focus their marketing efforts with dedication and passion. Also, feel free to launch your own website (and blog) based on this template. The folks at FirePress are killing it!","website":"http://firepress.org/blog/start/","location":"Montreal City, Canada","facebook":null,"twitter":null,"accessibility":null,"status":"active","language":"en_US","visibility":"public","meta_title":null,"meta_description":null,"tour":null,"last_login":"2017-05-22T19:00:33.000Z","created_at":"2017-04-20T00:22:04.000Z","created_by":1,"updated_at":"2017-05-22T19:00:33.000Z","updated_by":1}]}}]}